Phòng Kiểm định xe cơ giới (VAR) 1000V – Cục Đăng kiểm Việt Nam; 35/10 - 35/12 Đường D5, P25, Q.Bình Thạnh, TP HCM
Trung Tâm đăng kiểm xe cơ giới 1101S - Cao Bằng; Km4 - P. Sông Hiến - TP. Cao Bằng
Trung tâm đăng kiểm xe cơ giới 1102D - Cao Bằng trực thuộc công ty TNHH đăng kiểm Cao Bằng; Tổ 8, phường Ngọc Xuân, TP. Cao Bằng
Trung tâm đăng kiểm xe cơ giới 1201D, trực thuộc công ty cổ phần đăng kiểm xe cơ giới  Lạng Sơn; 50 Lê Đại Hành - Phường Vĩnh Trại - Lạng Sơn
Trung tâm đăng kiểm xe cơ giới 1202D, trực thuộc công ty cổ phần đăng kiểm xe cơ giới  Lạng Sơn;  tổ 5, khối 1+2, thị trấn Cao Lộc, huyện Cao Lộc, tỉnh Lạng Sơn
Trung Tâm đăng kiểm xe cơ giới Hạ Long 1401D - Quảng Ninh; Phường Hà Phong - Thành phố Hạ Long - Quảng Ninh
Trung Tâm đăng kiểm xe cơ giới Uông Bí 1402D - Quảng Ninh; Phường Thanh Sơn - T.p Uông Bí - Quảng Ninh
Trung Tâm đăng kiểm xe cơ giới Móng Cái 1403D - Quảng Ninh; Km 9, xã Hải Đông – T.p Móng Cái - Quảng Ninh
Trung Tâm đăng kiểm xe cơ giới Móng Cái 1404D - Quảng Ninh; Tổ 5, khu 11, Phường Mông Dương, Tp. Cẩm Phả, tỉnh Quảng Ninh
Trung Tâm đăng kiểm xe cơ giới Móng Cái 1405D - Quảng Ninh; Ô đất số 9,10,34 và 35, lô ĐNN_D thuộc Cụm Công nghiệp Hà Khánh, Tp. Hạ Long, tỉnh Quảng Ninh
Trung Tâm đăng kiểm xe cơ giới Móng Cái 1406D - Quảng Ninh; Khu CN Cái Lân, phường Giếng Đáy, Tp. Hạ Long, tỉnh Quảng Ninh
Trung Tâm đăng kiểm xe cơ giới Móng Cái 1407D - Quảng Ninh; Tổ 1, khu 4, P. Quang Hanh, Tp. Cẩm Phả, tỉnh Quảng Ninh
Trung Tâm đăng kiểm xe cơ giới 1501V - Hải Phòng; Km 90 QL 5 mới, Khu Cam Lộ 2, Hồng Bàng, Hải Phòng
Trung Tâm đăng kiểm xe cơ giới 1502S - Hải Phòng; Khu Hạ Đoạn 2, P. Đông Hải 2, Q. Hải An, Hải Phòng
Trung Tâm đăng kiểm xe cơ giới 1503D - Hải Phòng; Kênh Giang, Thuỷ Nguyên, Hải Phòng
Trung Tâm đăng kiểm xe cơ giới 1504D - Hải Phòng; Cụm CN Cầu Nghìn, xã Hưng Nhân, huyện Vĩnh Bảo, TP Hải Phòng
Trung Tâm đăng kiểm xe cơ giới 1505D - Hải Phòng; Số 01 đường Lê Thánh Tông, phường Máy Tơ, quận Ngô Quyền, Tp. Hải Phòng
Trung Tâm đăng kiểm xe cơ giới 1506D - Hải Phòng; Lô Cn 3.2H khu công nghiệp Đình Vũ, P. Đông Hải, Q. Hải An, Tp. Hải Phòng
Trung Tâm đăng kiểm xe cơ giới 1507D - Hải Phòng; Tổ dân phố Đồng Tâm, phường Đồng Hòa, quận Kiến An, Tp. Hải Phòng
Trung Tâm đăng kiểm xe cơ giới 1701D - Thái Bình; Phường Trần Hưng Đạo, TP Thái Bình
Trung Tâm đăng kiểm xe cơ giới 1702D - Thái Bình; Thôn Nam quán, xã Đông Các, huyên Đông Hưng, TP Thái Bình
Trung Tâm đăng kiểm xe cơ giới 1801S - Nam Định; Km 101, QL10, xã Mỹ Tân, Mỹ Lộc, TP Nam Định
Trung Tâm đăng kiểm xe cơ giới 1802S - Nam Định; Số 3 Quang Trung, TP. Nam Định
Trung Tâm đăng kiểm xe cơ giới 1802D - Nam Định (Công ty Cổ phần phát triển công nghệ điện thông); Km 150+800 (Phải tuyến) QL 21 (Đường Lê Đức Thọ), xã Nghĩa An, huyện Nam Trực, tỉnh Nam Định
Trung Tâm đăng kiểm xe cơ giới 1803D - Nam Định; xã Hải Thanh, huyện Hải Hậu, tỉnh Nam Định
Trung Tâm đăng kiểm xe cơ giới 1804D - Nam Định; Km3, Đại Lộ Thiên Trường, xã Mỹ Hưng, huyện Mỹ Lộc, Tp. Nam Định
Trung Tâm đăng kiểm xe cơ giới 1805D - Nam Định; thửa đất số 350, tờ bản đồ số 5, Đại lộ Thiên Trường, Lộc Hòa, Tp. Nam Định
Trung Tâm đăng kiểm xe cơ giới 1901V - Phú Thọ; 2821, đại lộ Hùng Vương, p. Vân Cơ, TP. Việt Trì, Phú Thọ
Trung Tâm đăng kiểm xe cơ giới 1902D - Phú Thọ; QL2, Khu 3, xã Phú Hộ, thị xã Phú Thọ, tỉnh Phú Thọ
Trung Tâm đăng kiểm xe cơ giới 1904D - Phú Thọ; Khu 4, xã Kinh Kệ, huyện Lâm Thao, tỉnh Phú Thọ
Trung Tâm đăng kiểm xe cơ giới 1905D - Phú Thọ; Khu Bãi Tần, thị trấn Thanh Sơn, huyện Thanh Sơn, tỉnh Phú Thọ
Trung Tâm đăng kiểm xe cơ giới 1906D - Phú Thọ; Khu Hóc Tranh, xóm Mai, xã Trưng Vương, Tp. Việt Trì, tỉnh Phú Thọ
Trung Tâm đăng kiểm xe cơ giới 1908D - Phú Thọ; Khu 7, xã Phượng Lâu, Tp. Việt Trì, tỉnh Phú Thọ
Trung Tâm đăng kiểm xe cơ giới 2001S - Thái Nguyên; Tổ 1A, Phường Tân lập - TP Thái Nguyên
Trung Tâm đăng kiểm xe cơ giới 2002S - Thái Nguyên; Xóm Ao Vàng, Xã Cao Ngạn, TP Thái Nguyên
Trung Tâm đăng kiểm xe cơ giới 2003D - Thái Nguyên; Cụm công nghiệp Nguyên Gon, phường Cải Đan, TP. Sông Công, tỉnh Thái Nguyên
Trung Tâm đăng kiểm xe cơ giới 2004D - Thái Nguyên; Xóm 9, xã Cổ Lũng, huyện Phú Lương, tỉnh Thái Nguyên
Trung Tâm đăng kiểm xe cơ giới 2005D - Thái Nguyên; Ngõ 845, đường Dương Tự Minh, tổ 6, phường Quang Vinh,T.p Thái Nguyên, tỉnh Thái Nguyên
Trung Tâm đăng kiểm xe cơ giới 2006D - Thái Nguyên; Ngõ 398, đường Thống Nhất, phường Đồng Quang, Tp. Thái Nguyên, tỉnh Thái Nguyên
Trung Tâm đăng kiểm xe cơ giới 2007D - Thái Nguyên; Tổ 2, phường Cam Giá, Tp. Thái Nguyên, tỉnh Thái Nguyên
Trung Tâm đăng kiểm xe cơ giới 2008D - Thái Nguyên; Tổ dân phố Đình, phường Nam Tiến, thành phố Thái Nguyên, tỉnh Thái Nguyên
Trung Tâm đăng kiểm xe cơ giới 2009D - Thái Nguyên; Xã Sơn Cẩm, Tp. Thái Nguyên, tỉnh Thái Nguyên
Trung Tâm đăng kiểm xe cơ giới 2101S - Yên Bái; Km2 - Phường Nguyễn Thái Học - TP Yên Bái
Trung Tâm đăng kiểm xe cơ giới 2102D - Yên Bái; bản Nà Làng, xã Nghĩa Lợi, TX. Nghĩa Lộ, tỉnh Yên Bái
Trung Tâm đăng kiểm xe cơ giới 2201S - Tuyên Quang; Thôn Yên Phú, xã An Tường - TP. Tuyên Quang
Trung Tâm đăng kiểm xe cơ giới 2202D - Tuyên Quang; Thôn Lượng, xã Tứ Quận, huyện Yên Sơn, tỉnh Tuyên Quang
Trung Tâm đăng kiểm xe cơ giới 2203D - Tuyên Quang; Tổ 16, phường Tân Hà, Tp. Tuyên Quang, tỉnh Tuyên Quang
Trung Tâm đăng kiểm xe cơ giới 2301S - Hà Giang; Tổ 17 - Phường Nguyễn Trãi - TP. Hà Giang
Công ty cổ phần đăng kiểm xe cơ giới giao thông Lào Cai - 2401D; Phường Bắc Cường - Tp Lào Cai - Tỉnh Lào Cai
Công ty cổ phần đăng kiểm xe cơ giới Bảo Thắng- 2403D; Quốc lộ 4E, thôn Tiến Lợi, xã Xuân Giao, huyện Bảo Thắng, tỉnh Lào Cai
Trung tâm đăng kiểm xe cơ giới 2404D - Công ty cổ phần Kinh doanh kỹ thuật giao thông Kim Thành; Lô 21, KCN Bắc Duyên Hải, Tp. Lào Cai, tỉnh Lào Cai
Trung Tâm đăng kiểm xe cơ giới 2501S - Lai Châu; Phường Tân Phong, Thị xã Lai Châu, Lai Châu
Trung Tâm đăng kiểm xe cơ giới 2602D - Sơn La (Công ty cổ phần đăng kiểm cơ giới thủy bộ Sơn La); Tổ 8 Phường Quyết Thắng - TP. Sơn La - Tỉnh Sơn La
Trung Tâm đăng kiểm xe cơ giới 2601D - Sơn La; bản Noọng La, phường chiềng Sinh - TP Sơn La
Trung Tâm đăng kiểm xe cơ giới 2603D - Sơn La; Km177, Quốc lộ 6, Bản Chiềng Đi 1, xã Vân Hồ, huyện Vân Hồ, tỉnh Sơn La
Trung Tâm đăng kiểm xe cơ giới 2701S - Điện Biên; Phố 10 - phường Thanh Trườn - thành phố Điện Biên Phủ - tỉnh Điện Biên
Trung Tâm đăng kiểm xe cơ giới 2801S - Hoà Bình; Km 71+100 - Quốc lộ 6 - P.Đồng Tiến - TP Hòa Bình
Trung Tâm đăng kiểm xe cơ giới 2901S - Hà Nội; Số 454 Phạm Văn Đồng - Từ Liêm - Hà Nội
Trung Tâm đăng kiểm xe cơ giới 2901V - Hà Nội; Km 15+200 Quốc lộ 1A, Thôn Yên Phú - Xã Liên Ninh - Thanh Trì - Hà Nội
Trung Tâm đăng kiểm xe cơ giới 2902S - Hà Nội; Đường Đặng Phúc Thông- Yên Viên- Gia Lâm-Hà Nội.
Trung Tâm đăng kiểm xe cơ giới 2902V - Hà Nội; Xã Phú Thị, Huyện Gia Lâm - Hà Nội
Trung Tâm đăng kiểm xe cơ giới 2903S - Hà Nội; Số 3 Lê Quang Đạo - Mỹ Đình - Nam Từ Liên - Hà Nội
Trung Tâm đăng kiểm xe cơ giới 2903V - Hà Nội; Láng Thượng - Đống Đa - Hà Nội
Trung Tâm đăng kiểm xe cơ giới 2904V - Hà Nội; Km 8, đường Bắc Thăng Long – Nội Bài, Xã Quang Minh, Huyện Mê Linh, Hà Nội
Trung Tâm đăng kiểm xe cơ giới 2905V - Hà Nội; Số 49 Phố Đức Giang, Phường Đức Giang, Quận Long Biên, Hà Nội
Trung Tâm đăng kiểm xe cơ giới 2906V - Hà Nội; Km 4 - Đường 70 - Xã Tam Hiệp - Thanh trì - Hà Nội
Trung Tâm đăng kiểm xe cơ giới 2907D - Hà Nội; Km 1, QL3, Du Nội, Mai Lâm, Đông Anh- Hà Nội
Trung Tâm đăng kiểm xe cơ giới 2908D - Hà Nội; Lô 6, cụm CN Lai Xá, xã Kim Chung, Hoài Đức,Hà Nội
Trung Tâm đăng kiểm xe cơ giới 2909D - Hà Nội; 685, đường Lĩnh Nam, phường Lĩnh Nam, Hoàng Mai, Hà Nội
Trung Tâm đăng kiểm xe cơ giới 2910D - Hà Nội; Bãi đỗ xe công cộng và dịch vụ Đền Lừ, phường Hoàng Văn Thụ, quận Hoàng Mai, Hà Nội
Trung Tâm đăng kiểm xe cơ giới 2911D - Hà Nội; Km31, QL 6, xã Đông Sơn, Chương Mỹ, Hà Nội
Trung Tâm đăng kiểm xe cơ giới 2912D - Hà Nội; Km 21+200 QL3, Mai Đình, Sóc Sơn, Hà Nội
Trung Tâm đăng kiểm xe cơ giới 2913D - Hà Nội; Thôn Sơn Du, xã Nguyên Khê, Đông Anh, Hà Nội
Trung Tâm đăng kiểm xe cơ giới 2914D - Hà Nội; Cụm CN Thanh Oai, Bích Hòa, Thanh Oai, Hà Nội
Trung Tâm đăng kiểm xe cơ giới 2915D - Hà Nội; Km21, xã Hà Hồi, huyện Thường Tín, Tp. Hà Nội
Trung Tâm đăng kiểm xe cơ giới 2916D – Hà Nội, trực thuộc công ty CP đăng kiểm xe cơ giới Long Biên; 144/95 đường Vũ Xuân Thiều, phường Sài Đồng, quận Long Biên, Hà Nội.
Trung Tâm đăng kiểm xe cơ giới 2917D - Hà Nội; Tổ 16, đường Nguyễn Văn Linh, phường Thạch Bàn, quận Long Biên, Hà Nội
Trung Tâm đăng kiểm xe cơ giới 2918D - Hà Nội; Km2+100, đường tránh QL32, xã Thanh Mỹ, Tx. Sơn Tây, Tp. Hà Nội
Trung Tâm đăng kiểm xe cơ giới 2921D - Hà Nội; Ô số 3 lô 5, Cụm công nghiệp An Khánh, huyện An Đức, Tp. Hà Nội
Trung Tâm đăng kiểm xe cơ giới 2922D - Hà Nội; Khu đất số 10 đường 254 phố Tây Sơn, thị trấn Phùng, huyện Đan Phượng, Tp. Hà Nội
Trung Tâm đăng kiểm xe cơ giới 2923D - Hà Nội; Km25, Quốc lộ 6, KCN Phú Nghĩa, huyện Chương Mỹ, Tp. Hà Nội
Trung Tâm đăng kiểm xe cơ giới 2925D - Hà Nội; Đường Trần Vỹ, phường Mai Dịch, quận Cầu Giấy, Thành phố Hà Nội
Trung Tâm đăng kiểm xe cơ giới 2927D - Hà Nội; Km số 3, đường Phạm Văn Đồng, phường Cổ Nhuế 1, quận Bắc Từ Liêm, Tp Hà Nội
Trung Tâm đăng kiểm xe cơ giới 2929D - Hà Nội; Số 115. tổ 15, phường Kiến Hưng, quận Hà Đông, Tp. Hà Nội
Trung Tâm đăng kiểm xe cơ giới 2930D - Hà Nội; Lô 24, cụm CN Yên Nghĩa, P. Yên Nghĩa, Q. Hà Đông, Tp. Hà Nội
Trung Tâm đăng kiểm xe cơ giới 2932D - Hà Nội; Số 9, tổ 15, đường Pháp Vân, phường Yên Sở, quận Hoàng Mai, Tp. Hà Nội
Trung Tâm đăng kiểm xe cơ giới 3301S - Hà Nội; Km15 - Quốc lộ 6 - Hà Đông - Hà Nội
Trung Tâm đăng kiểm xe cơ giới 3302S - Hà Nội; Phường Quang Trung - Thị Xã Sơn tây - Hà Nội
Công ty cổ phần đăng kiểm xe cơ giới Hải Dương - 3401D; Đường Tân Dân, P. Việt Hòa,TP.Hải Dương
Trung Tâm đăng kiểm xe cơ giới 3402D - Hải Dương; Km 33+300, cụm CN II, p. Văn An, thị xã Chí Linh,TP.Hải Dương
Trung Tâm đăng kiểm xe cơ giới 3403D - Hải Dương; thôn Dân, xã Đồng Tâm, huyện Ninh Giang, tỉnh Hải Dương
Trung Tâm đăng kiểm xe cơ giới 3404D - Hải Dương; Thôn Quỳnh Khê, xã Kim Xuyên, huyên Kim Thành, Tỉnh Hải Dương
Trung Tâm đăng kiểm xe cơ giới 3405D - Hải Dương; Phân khu 2, đô thị mới phía nam thành phố Hải Dương, xã Liên Hồng, Tp. Hải Dương, tỉnh Hải Dương
Trung Tâm đăng kiểm xe cơ giới 3407D - Hải Dương; Cụm công nghiệp Ngọc Sơn, xã Ngọc Sơn, Tp. Hải Dương
Trung Tâm đăng kiểm xe cơ giới 3501D - Ninh Bình (Công ty cổ phần đăng kiểm xe cơ giới Ninh Bình).; Số 58 đường Trần Nhân Tông, phố An Hòa, phường Ninh Phong, TP. Ninh Bình, tỉnh Ninh Bình
Trung Tâm đăng kiểm xe cơ giới 3502D - Ninh Bình; Phố Bích Sơn, P. Bích Đào, TP Ninh Bình
Trung Tâm đăng kiểm xe cơ giới 3503D - Ninh Bình; Tổ 2, phường Bắc Sơn, Tp. Tam Điệp, Tỉnh Ninh Bình
Trung Tâm đăng kiểm xe cơ giới 3504D - Ninh Bình; Thôn Cổ Loan Hạ, giáp đường 477, xã Ninh Tiến, Tp. Ninh Bình, tỉnh Ninh Bình
Trung Tâm đăng kiểm xe cơ giới 3601S - Thanh Hoá; 267 Bà Triệu - Đông Thọ - TP Thanh Hóa
Trung Tâm đăng kiểm xe cơ giới 3602S - Thanh Hoá; Phường Bắc Sơn - TX Bỉm Sơn - Thanh Hoá
Trung Tâm đăng kiểm xe cơ giới 3603D - Thanh Hoá; Đường Võ Nguyên Giáp, P. Quảng Thành, T.p Thanh Hoá
Trung Tâm đăng kiểm xe cơ giới 3604D - Thanh Hoá; Phố 7, Phường Quảng Thắng, T.p Thanh Hóa, tỉnh Thanh Hóa
Trung Tâm đăng kiểm xe cơ giới 3605D - Thanh Hoá; Xã Thạch Quảng, huyện Thạch Thành, tỉnh Thanh Hóa
Trung Tâm đăng kiểm xe cơ giới 3606D - Thanh Hoá; Khu phố Ngọc Minh, thị trấn Ngọc Lặc, huyện Ngọc Lặc. Tỉnh Thanh Hóa
Trung Tâm đăng kiểm xe cơ giới 3608D - Thanh Hoá; Xã Đông Hoàng, huyện Đông Sơn, tỉnh Thanh Hóa
Trung Tâm đăng kiểm xe cơ giới 3609D - Thanh Hoá; 25/38 Phú Thọ 3, Phường Phú Sơn, Tp. Thanh Hóa, tỉnh Thanh Hóa
Trung Tâm đăng kiểm xe cơ giới 3610D - Thanh Hoá; Quốc lộ 10, xã Liên Lộc, huyện Hậu Lộc, tỉnh Thanh Hóa
Trung Tâm đăng kiểm xe cơ giới 3701S - Nghệ An; 72 Phan Bội Châu - TP Vinh - Nghệ An
Trung Tâm đăng kiểm xe cơ giới 3702S - Nghệ An; Xã Đông Hiếu – TX Thái Hoà - Nghệ An
Trung Tâm đăng kiểm xe cơ giới 3703D - Nghệ An; Km 6, QL 46, Nghi Thạch, Nghi Lộc, Nghệ An
Trung Tâm đăng kiểm xe cơ giới 3704D - Nghệ An; Xã Diễn Hòng, huyện Diễn Châu, tỉnh Nghệ An
Trung Tâm đăng kiểm xe cơ giới 3705D - Nghệ An; Xóm 1, xã Nghi Long, huyện Nghi Lộc, tỉnh Nghệ An
Trung Tâm đăng kiểm xe cơ giới 3706D - Nghệ An; QL7B, xã Yên Sơn, huyện Đô Lương, tỉnh Nghệ An
Trung Tâm đăng kiểm xe cơ giới 3707D - Nghệ An; Xóm 5, xã Quỳnh Lộc, thị xã Hoàng Mai, tỉnh Nghệ An
Trung Tâm đăng kiểm xe cơ giới 3708D - Nghệ An; Xóm 3, xã Hưng Thịnh, huyện Hưng Nguyên, tỉnh Nghệ An
Trung Tâm đăng kiểm xe cơ giới 3709D - Nghệ An; Khối 9, phường Quán Bàu, Tp. Vinh, tỉnh Nghệ An
Công ty cổ phần đăng kiểm Hà Tĩnh - 3801D; Km 9 tránh Hà Tĩnh, xã Thạch Đài, Thạch Hà, Hà Tĩnh
Trung tâm đăng kiểm xe cơ giới 3802D - Hà Tĩnh; km486+354 QL1A, phường Đậu Liêu, TX. Hồng Lĩnh, tỉnh Hà Tĩnh.
Trung tâm đăng kiểm xe cơ giới 3803D - Hà Tĩnh; phường Kỳ Trinh, thị xã Kỳ Anh, tỉnh Hà Tĩnh.
Trung tâm đăng kiểm xe cơ giới 3804D - Hà Tĩnh; Xã Trung Lễ, huyện Đức Thọ, tỉnh Hà Tĩnh
Trung tâm đăng kiểm xe cơ giới 3805D - Hà Tĩnh; Km821+810, đường Hồ Chí Minh, xã Hương Long, huyện Hương Khê, tỉnh Hà Tĩnh
Trung Tâm đăng kiểm xe cơ giới 4301S - Đà Nẵng; 25 Hoàng Văn Thái - P.Hòa Minh - Q.Liên Chiểu - TP. Đà Nẵng
Trung Tâm đăng kiểm xe cơ giới 4302S - Đà Nẵng; Km 800 + 40 Xã Hoà Châu – Hoà Vang - Đà Nẵng
Trung Tâm đăng kiểm xe cơ giới 4304D - Đà Nẵng; Đường số 01, KCN Hòa Cầm, P.Hòa Thọ Tây, Q. Cẩm Lệ, Tp. Đà Nẵng
Trung Tâm đăng kiểm xe cơ giới 4305D - Đà Nẵng; Số 10B, Tú Mỡ, phường Hòa An, quận Cẩm Lệ, Tp. Đà Nẵng
Trung Tâm đăng kiểm xe cơ giới 4701D - Đăklăk; Km 4+500 - QL 14 - Tân An - Buôn Mê Thuột - Đăklăk
Trung Tâm đăng kiểm xe cơ giới 4702D - Đăklăk; Km 12 - QL 14 – Thôn 7- Hoà Phú - Buôn Mê Thuột - Đăklăk
Trung Tâm đăng kiểm xe cơ giới 4703D - Đăklăk; Thôn 9, xã Ea Đar, Eakar, Đắk lắk
Trung Tâm đăng kiểm xe cơ giới 4704D - Đăklăk; 75 Nguyễn Thị Định, P. Thành Nhất, TP. Buôn Ma Thuột, Đắk lắk
Trung Tâm đăng kiểm xe cơ giới 4705D - Đăklăk; Thôn Pơng Drang, Krông Buk, Đắk lắk
Trung Tâm đăng kiểm xe cơ giới 4706D - Đăklăk; Thôn Hòa Thắng, xã Hòa Đông, huyện Krông Pắc, tỉnh Đắk Lắk
Công ty cổ phần đăng kiểm xe cơ giới ĐakNông - 4801D; Km 3 QL 14, Tổ 4, P Nghĩa Tân, TX Gia Nghĩa, Đak Nông
Trung Tâm đăng kiểm xe cơ giới 4901S - Lâm Đồng; Số 1 Tô Hiến Thành - P.3 - TP. Đà Lạt
Trung Tâm đăng kiểm xe cơ giới 4902S - Lâm Đồng; 01 Huỳnh Thúc Kháng, P.2, TX Bảo Lộc, Lâm Đồng
Chi nhánh trung tâm đăng kiểm xe cơ giới Lâm Đồng - 4903S; Thị trấn Liên Nghĩa, Đức Trọng, Lâm Đồng
Trung Tâm đăng kiểm xe cơ giới 4904D - Lâm Đồng; Số 204 đường Hoàng Văn Thụ, phường 1, Tp. Bảo Lộc, tỉnh Lâm Đồng
Trung Tâm đăng kiểm xe cơ giới 5001S - T.p HCM; Lô 13, đường số 07, KCN Tân Tạo mở rộng, phường Tân Tạo A, quận Bình Tân, Tp. Hồ Chí Minh
Trung Tâm đăng kiểm xe cơ giới 5002S - T.p HCM; 343/20 Lạc Long Quân - P.5 - Quận 11
Trung Tâm đăng kiểm xe cơ giới 5003S - T.p HCM; Số 6/6 - QL 13 - P.Hiệp Bình Chánh - Tp.Thủ Đức
Trung Tâm đăng kiểm xe cơ giới 5003V - T.p HCM; 107 Đường Phú Châu - P. Tam Bình - Q.Thủ Đức
Chi nhánh đăng kiểm thuộc 5003V - T.p HCM; Khu phố 4, Trường Sơn, Linh Trung,Q.Thủ Đức
Trung Tâm đăng kiểm xe cơ giới 5004V - T.p HCM; Lô H4, khu công nghiệp cát lái - Cụm 2, phường Thạnh Mỹ Lợi, quận 2, TP. Hồ Chí Minh
Trung Tâm đăng kiểm xe cơ giới 5005V - T.p HCM; 1143/3B, QL 1A, KP3, P. An Phú Đông, Q.12, T.p HCM
Chi nhánh đăng kiểm XCG 5005V - T.p HCM; 1A Hồng Hà, P.2, Q.Tân Bình, T.p HCM
Trung Tâm đăng kiểm xe cơ giới 5006V - T.p HCM; 118 Huỳnh Tấn Phát - P.Tân Thuận Tây - Quận 7 - TP. HCM.
Trung Tâm đăng kiểm xe cơ giới 5007V - T.p HCM; 428/56 Quốc lộ 1, P.Bình Hưng Hoà B, Q.Bình Tân, T.p HCM
Trung Tâm đăng kiểm xe cơ giới 5008D - T.p HCM; 218/42 đường TA28, Phường Thới An, Quận 12, TP HCM
Trung Tâm đăng kiểm xe cơ giới 5009D - T.p HCM; 201, tỉnh lộ 8, xã Tân Thạnh Tây, huyện Củ Chi, TP. Hồ Chí Minh
Trung Tâm đăng kiểm xe cơ giới 5010D - T.p HCM; số 5, km14+700, đg 85, Tân Phú Trung, Củ Chi, TP. Hồ Chí Minh
Trung Tâm đăng kiểm xe cơ giới 5012D - T.p HCM trực thuộc công ty CP xăng dầu Mai Châu; D3/16G, khu phố 4, thị trấn Tân Túc, huyện Bình Chánh, TP. Hồ Chí Minh
Trung Tâm đăng kiểm xe cơ giới 5013D - T.p HCM trực thuộc công ty CP đăng kiểm Bình Chánh; Số A5/20H6, Trần Đại Nghĩa, Ấp 1, Tân Kiên, huyện Bình Chánh, TP. Hồ Chí Minh
Trung Tâm đăng kiểm xe cơ giới 5014D - T.p HCM; Số 5A, quốc lộ 22, quốc lộ Thới Sơn, H. Hóc Môn, Tp. Hồ Chí Minh
Trung Tâm đăng kiểm xe cơ giới 5015D - T.p HCM; Số 36, Hoàng Hữu Nam, Quận 9, Tp. Hồ Chí Minh
Trung Tâm đăng kiểm xe cơ giới 5017D - T.p HCM; Số 1031, đường Nguyễn Hữu Thọ, ấp 2, xã Long Thới, huyện Nhà Bè, Tp. Hồ Chí Minh
Trung Tâm đăng kiểm xe cơ giới 5019D - T.p HCM; 117/2D1, đường Hồ Văn Long, khu phố 3, P. Tân 
Trung Tâm đăng kiểm xe cơ giới 6001S - Đồng Nai; Số 25, Đường 2A, KCN Biên Hoà II - P.An Bình - TP Biên Hoà - Tỉnh Đồng Nai
Trung Tâm đăng kiểm xe cơ giới 6002S - Đồng Nai; Khu Xuân Bình - TT Xuân lộc - Long Khánh - Đồng Nai
Trung Tâm đăng kiểm xe cơ giới 6003S - Đồng Nai; QL 20, Ấp Trung Hoà, Ngọc Định, Định Quán, Đồng Nai
Trung Tâm đăng kiểm xe cơ giới 6004D - Đồng Nai; Số 1A, xa lộ Hà Nội, phường Tân Biên, thành phố Biên Hòa, tỉnh Đồng Nai
Trung Tâm đăng kiểm xe cơ giới 6005D - Đồng Nai; 370/2A Võ Nguyên ​​​​​Giáp, xã Phước Tân​​, TP. Biên Hòa, tỉnh Đồng Nai
Trung Tâm đăng kiểm xe cơ giới 6006D - Đồng Nai; Xá An Phước, Huyện Long Thành-Đồng Nai
Trung Tâm đăng kiểm xe cơ giới 6101S - Bình Dương; QL13 - P.Hiệp thành - TP. Thủ Dầu Một - Bình Dương
Trung Tâm đăng kiểm xe cơ giới 6102S - Bình Dương; Đường Nguyễn Thị Minh Khai, khu phố Tân Thắng, phường Tân Bình, Tp. Dĩ An, tỉnh Bình Dương
Trung Tâm đăng kiểm xe cơ giới 6103S - Bình Dương; Khu phố 9, phường Phú Hòa, TP. Thủ Dầu Một, tỉnh Bình Dương
Trung Tâm đăng kiểm xe cơ giới 6103D - Bình Dương; Đường ĐX 82, Khu 2, P. Định Hòa, T.p TDM, Bình Dương
Trung Tâm đăng kiểm xe cơ giới 6104D - Bình Dương; 414/3B ĐL Bình Dương, Thạnh Bình, Thuận An, Bình Dương
Trung Tâm đăng kiểm xe cơ giới 6105D - Bình Dương; Thửa đất số 117, tờ bản đồ số 23, KCN Nam Tân Uyên, phường Khánh Bình, thị xã Tân Uyên, tỉnh Bình Dương
Trung Tâm đăng kiểm xe cơ giới 6106D - Bình Dương; Số 216, khu phố 1, phường Tân Bình, thị xã Dĩ An, Bình Dương
Trung Tâm đăng kiểm xe cơ giới 6109D - Bình Dương; 19/2 khu phố Bình Đáng, phường Bình Hòa, Tx. Thuận Anh, tỉnh Bình Dương
Trung Tâm đăng kiểm xe cơ giới 6110D - Bình Dương; 291, QL 13, Khu 2, P. Mỹ Phước, Tx. Bến Cát, tỉnh Bình Dương
Trung Tâm đăng kiểm xe cơ giới 6111D - Bình Dương; Lô CC-9A, đường NE9, khu công nghiệp Mỹ Phước 3, phường Thới Hòa, thị xã Bến Cát, tỉnh Bình Dương
Trung Tâm đăng kiểm xe cơ giới 6112D- Bình Dương; Thửa đất số 294, tờ bản đồ số DC 9.4, khu phố Đông, phường Vĩnh Phú, Tp. Thuận An, tỉnh Bình Dương
Trung Tâm đăng kiểm xe cơ giới 6201S - Long An; Số 12 Quốc Lộ 1 - Phường 5 - Thị xã Tân An - Long An
Trung Tâm đăng kiểm xe cơ giới 6202D - Long An; 356 KP9, QL1A, TT Bến Lức, Long An
Trung Tâm đăng kiểm xe cơ giới 6203D - Long An; Khu Công nghiệp Hải Sơn, ấp Bình Tiền 2, xã Đức Hòa Hạ, huyên Đức Hòa, tỉnh Long An
Trung Tâm đăng kiểm xe cơ giới 6301S - Tiền Giang; Thân Cửu nghĩa - Huyện Châu Thành - Tiền Giang
Trung Tâm đăng kiểm xe cơ giới 6302D - Tiền Giang; Xã Tam Hiệp, huyện Châu Thành, tỉnh Tiền Giang
Trung Tâm đăng kiểm xe cơ giới 6303D - Tiền Giang; Ấp đông B, xã Nhị Bình, huyện Châu Thành, tỉnh Tiền Giang
Trung tâm đăng kiểm xe cơ giới 6401V - Vĩnh Long; 10/2 Đinh Tiên Hoàng - F8 - T.P Vĩnh Long
Trung Tâm kiểm định kỹ thuật phương tiện thiết bị thủy bộ Cần Thơ 6501S - Cần Thơ; 19A, KCN Trà nóc 1, Q Bình Thuỷ, Cần Thơ
Chi nhánh Trung Tâm kiểm định kỹ thuật phương tiện thiết bị thủy bộ Cần Thơ 6502S - Cần Thơ; KV1, phường Hưng Thạnh, quận Cái Răng, TP Cần Thơ
Trung Tâm Đăng kiểm xe cơ giới 6502D - Cần Thơ; số 26B, Nguyễn Văn Linh, phường Long Hòa, quận Bình Thủy, Cần Thơ.
Trung Tâm Đăng kiểm xe cơ giới 6503D - Cần Thơ; 9A, Quốc lộ 91B, Khu vực Bình Hòa A, phường Phước Thới, quận Ô Môn, Tp. Cần Thơ
Trung Tâm Đăng kiểm xe cơ giới 6504D - Cần Thơ; Khu vực Tràng Thọ 1, phường Thốt Nốt, Q. Thốt Nốt, Tp. Cần Thơ
Trung Tâm Đăng kiểm xe cơ giới 6505D - Cần Thơ; Khu vực 4, phường Hưng Thạnh, quận Cái Răng, Tp. Cần Thơ
Trung Tâm Đăng kiểm xe cơ giới 6506D - Cần Thơ; Ấp Vĩnh Long, xã Vĩnh Trinh, huyện Vĩnh Thanh, Tp. Cần Thơ
Trung Tâm đăng kiểm xe cơ giới 6601S - Đồng Tháp; Số 386, Ấp 1, Điện Biên Phủ, xã Mỹ Trà, TP Cao lãnh, tỉnh Đồng Tháp
Trung Tâm đăng kiểm xe cơ giới 6602D - Đồng Tháp; Số 123, Quốc lộ 80, ấp An Thạnh, xã An Nhơn, huyện Châu Thành, tỉnh Đồng Tháp
Trung Tâm đăng kiểm xe cơ giới 6701S - An Giang; 67 khóm Thới Hoà, P.Mỹ Thạnh, T.p Long Xuyên - An Giang
Trung Tâm đăng kiểm xe cơ giới 6702S -  An Giang; 68 Châu Phú A - TX Châu Đốc - An Giang
Trung Tâm đăng kiểm xe cơ giới 6703D - An Giang; Tuyến tránh QL 91 (N1), Khóm Hòa Bình, phường Vĩnh Mỹ, Tp. Châu Đốc, tỉnh An Giang
Trung Tâm đăng kiểm xe cơ giới 6801S - Kiên Giang; Khu dân cư BX liên tỉnh, đường số 2, ấp So Đũa, xã Vĩnh Hòa Hiệp, Châu Thành, Kiên Giang
Trung Tâm đăng kiểm xe cơ giới 6803D - Kiên Giang; Đường Võ Văn Kiệt, tổ 15, khu phố Dãy Ốc, phường Vĩnh Hiệp, thành phố Rạch Giá, tỉnh Kiên Giang
Trung tâm Đăng kiểm xe cơ giới 6901V - Cà Mau; Ấp 5 - Xã An Xuyên - TP. Cà Mau - Tỉnh Cà Mau
Trung tâm Đăng kiểm xe cơ giới 6902D - Cà Mau; Số 36, đường Võ Văn Kiệt, ấp Tắc Thủ, xã Hồ Thị Kỷ, huyện Thới Bình, tỉnh Cà Mau
Trung Tâm đăng kiểm xe cơ giới 7001S - Tây Ninh; 82 đường Trần Phú - p. Ninh Sơn - Tp. Tây Ninh - Tỉnh Tây Ninh
Trung Tâm đăng kiểm xe cơ giới 7002S - Tây Ninh; Đường tránh xuyên Á, P. Gia Lộc, Tx. Tràng Bảng, Tỉnh Tây Ninh
Trung Tâm đăng kiểm xe cơ giới 7003D - Tây Ninh; đường 793, xã Thạnh Đông, huyện Tân Châu, tỉnh Tây Ninh
Trung Tâm đăng kiểm xe cơ giới 7101S - Bến Tre; Số 7 - Nguyễn Văn Tư - P7 - TX Bến Tre - Tỉnh Bến Tre
Trung Tâm đăng kiểm xe cơ giới 7102D - Bến Tre; QL60, ấp Tân Long 1, xã Tân Thành Bình, huyện Mỏ Cày Bắc, tỉnh Bến Tre
Trung Tâm đăng kiểm xe cơ giới 7202D - Bà Rịa Vũng Tàu; QL51, KP2, Phước Trung, TX Bà Rịa - Tỉnh Bà Rịa Vũng Tàu
Trung Tâm đăng kiểm xe cơ giới 7203D - Bà Rịa Vũng Tàu; Đường 1, thị trấn Phú Mỹ, huyện Tân Thành, tỉnh Bà Rịa – Vũng Tàu
Trung Tâm đăng kiểm xe cơ giới 7204S - Bà Rịa Vũng Tàu; Đường D6, khu công nghiệp Đất Đỏ 1, huyện Đất Đỏ, tỉnh Bà Rịa - Vũng Tàu
Trung Tâm đăng kiểm xe cơ giới 7205D - Bà Rịa Vũng Tàu; KCN Mỹ Xuân A, phường Mỹ Xuân, thị xã Phú Mỹ, tỉnh Bà Rịa - Vũng Tàu
Trung Tâm đăng kiểm xe cơ giới 7301S - Quảng Bình; Đường Hữu Cảnh - T.P Đồng Hới - Quảng Bình
Trung Tâm đăng kiểm xe cơ giới 7302D - Quảng Bình; Thanh Lương, quảng Xuân, Quảng Trạch, Quảng Bình
Trung Tâm đăng kiểm xe cơ giới 7303D - Quảng Bình; Thôn Lệ Kỳ 1, xã Vĩnh Ninh, huyện Quảng Ninh, tỉnh Quảng Bình
Trung Tâm đăng kiểm xe cơ giới 7304D - Quảng Bình; Thôn 2, xã Trung Trạch, huyện Bố Trạch, tỉnh Quảng Bình
Trung Tâm đăng kiểm phương tiện cơ giới thủy bộ 7401S - Quảng Trị; 61 Lý Thương Kiệt - Đông Hà - Quảng Trị
Chi nhánh Trung Tâm đăng kiểm phương tiện cơ giới thủy bộ 7402S - Quảng Trị; Km 4 +700 Điện biên Phủ (9D), phường Đông Lương, TP Đông Hà, Quảng Trị
Trung Tâm đăng kiểm phương tiện cơ giới 7402D - Quảng Trị; Hà Thanh, xã Gio Châu, Gio Linh, Quảng Trị
Trung Tâm đăng kiểm phương tiện cơ giới 7403D - Quảng Trị; Đường Điện Biên Phủ, phường Đông Lương, Tp. Đông Hà, tỉnh Quảng Trị
Trung Tâm đăng kiểm xe cơ giới 7501S - Huế; 150 Điện Biên Phủ - TP Huế
Trung Tâm đăng kiểm xe cơ giới 7502S - Huế; Hương Văn, Hương Trà, TT- Huế
Trung Tâm đăng kiểm xe cơ giới 7601S - Quảng Ngãi; Xã Tịnh Phong - Huyện Sơn Tịnh - Quảng Ngãi
Trung Tâm đăng kiểm xe cơ giới 7602D - Chi nhánh Công ty CP Thuận Phát; QL 1A, thôn Năng Tây 3, xã Nghĩa Phương, huyện Tư Nghĩa, tỉnh Quảng Ngãi
Trung Tâm đăng kiểm xe cơ giới 7603D - Quảng Ngãi; Thôn 4, xã Bình Hòa, huyện Bình Sơn, tỉnh Quảng Ngãi
Trung Tâm đăng kiểm xe cơ giới 7604D - Quảng Ngãi; Xã Hành Thuận, huyện Nghĩa Hành, tỉnh Quảng Ngãi
Trung Tâm đăng kiểm xe cơ giới 7701S - Bình Định; 71 Tây Sơn - Quy Nhơn - Bình Định
Trung Tâm đăng kiểm xe cơ giới 7702S - Bình Định; QLộ 1A - Thôn Vạn Lương - Mỹ Châu - Phú Mỹ - Bình Định
Trung Tâm đăng kiểm xe cơ giới 7703D - Bình Định; Khu vực Liên Trực, p. Bình Định, Tx. An Nhơn, tỉnh Bình Định
Trung Tâm đăng kiểm xe cơ giới 7704D - Bình Định; LôA1.01 (khu A), khu kinh tế Nhơn Hội, xã Nhơn Hội, Tp. Quy Nhơn, tỉnh Bình Định
Trung Tâm đăng kiểm xe cơ giới 7705D - Bình Định; Cụm công nghiệp Hoài Tân, khu phố Giao hội 1, phường Hoài Tân, Tx. Hoài Nhơn, tỉnh Bình Định
Trung Tâm đăng kiểm xe cơ giới 7706D - Bình Định; Tổ 23, KV3, phường Nhơn Bình, thành phố Quy Nhơn, tỉnh Bình Định
Trung Tâm đăng kiểm xe cơ giới 7801S - Phú Yên; P.9 - Bình Kiến - Tuy Hòa - Phú Yên
Trung Tâm đăng kiểm xe cơ giới 7802D - Phú Yên; Km48+450, Quốc lộ 25, xã Suối Bạc, huyện Sơn Hòa, tỉnh Phú Yên
Trung Tâm đăng kiểm xe cơ giới 7803D - Phú Yên; Km 1319+300, Quốc lộ 1A, xã An Chấn, huyện Tuy An, tỉnh Phú Yên
Trung Tâm đăng kiểm xe cơ giới 7901S - Khánh Hoà; Đường 2 tháng 4 - Đồng Đế - Vĩnh Hoà - Nha Trang - Khánh Hoà
Trung Tâm đăng kiểm xe cơ giới 7902S - Khánh Hoà; QL1A, Phú Sơn, Cam Phú, Cam Ranh, Khánh Hòa
Trung Tâm đăng kiểm xe cơ giới 8102D - Gia Lai; Làng Phung, xã Biển Hồ, Pleiku-Gia Lai
Công ty TNHH đăng kiểm xe cơ giới 8103D - Gia Lai; Nguyễn Chí Thanh, tổ 5, p. Chi Lăng, TP. Pleiku, Gia Lai
Trung Tâm đăng kiểm xe cơ giới 8104D; thôn 2 xã Đak Bơ, huyện Đak Bơ, GiaLai
Trung Tâm đăng kiểm xe cơ giới 8105D; Lô C50 Cụm CN Diên Phú, thôn 3, xã Diên Phú, Tp Pleiku, tỉnh Gia Lai
Trung Tâm đăng kiểm xe cơ giới 8201S - Kon Tum; Số 99 Huỳnh Thúc Kháng - TX Kon Tum - Tỉnh Kon Tum
Trung tâm đăng kiểm xe cơ giới 8301V - Sóc Trăng; 191A - Trần Hưng Đạo - TX Sóc Trăng
Trung tâm đăng kiểm xe cơ giới 8302D - Sóc Trăng; Ấp Xây Đá B, xã Hồ Đắc Kiện, huyện Châu Thành, tỉnh Sóc Trăng
Trung tâm đăng kiểm xe cơ giới 8401V - Trà Vinh; 151 Nguyễn Đáng - P.7 - TX Trà Vinh - Trà Vinh
Trung tâm đăng kiểm xe cơ giới 8402D - Trà Vinh; ấp Sâm Bua, xã Lương Hòa, huyện Châu Thành, tỉnh Trà Vinh
Trung Tâm đăng kiểm xe cơ giới 8501S - Ninh Thuận; Bình Quý - Phước Dân - Ninh Phước - Ninh Thuận
Trung Tâm đăng kiểm xe cơ giới 8502D - Ninh Thuận; Thôn Văn Lâm 3, xã Phước Nam, huyện Thuận Nam, tỉnh Ninh Thuận
Trung Tâm đăng kiểm xe cơ giới 8601S - Bình Thuận; Số 5 Từ Văn Tư - Phan Thiết - Bình Thuận
Trung Tâm đăng kiểm xe cơ giới 8602D - Bình Thuận; Km 32 xã Tân Lập, Hàm Thuận Nam, Bình Thuận
Trung Tâm đăng kiểm xe cơ giới 8801S - Vĩnh Phúc; Xã Khai Quang - T.P Vĩnh Yên - Vĩnh Phúc
Trung Tâm đăng kiểm xe cơ giới 8802D - Vĩnh Phúc; Thôn Yên Lỗ - xã Đạo Đức, huyện Bình Xuyên - Vĩnh Phúc
Trung Tâm đăng kiểm xe cơ giới 8803D -  trực thuộc công ty CP Hưng Linh Vĩnh Phúc.; phố Chợ Lầm, xã Tam Hồng, huyện Yên Lạc, tỉnh Vĩnh Phúc.
Trung Tâm đăng kiểm xe cơ giới 8804D; Km 40+500, Quốc lộ 2A, xã Hợp Thịnh, huyện Tam Dương, tỉnh Vĩnh Phúc
Trung Tâm đăng kiểm xe cơ giới 8806D; Xã Quất Lưu, huyện Bình Xuyên, tỉnh Vĩnh Phúc
Trung Tâm đăng kiểm xe cơ giới 8901S - Hưng Yên; Xã Dị Sử - Mỹ Hào - Hưng Yên
Trung Tâm đăng kiểm xe cơ giới 8902S - Hưng Yên; Thôn Tiền Thắng - Bảo Khê - TX Hưng Yên - Hưng Yên
Trung Tâm đăng kiểm xe cơ giới 8904D - Hưng Yên; Thôn Lại Ốc, xã Long Hưng, huyện Văn Giang, tỉnh Hưng Yên
Trung Tâm đăng kiểm xe cơ giới 8905D - Hưng Yên; Thôn Nghĩa Trang, thị trấn Yên Mỹ, huyện Yên Mỹ, tỉnh Hưng Yên
Trung Tâm đăng kiểm xe cơ giới 8906D - Hưng Yên; Thửa đất số 302, tờ bản đồ số 07, xã Nghĩa Dân, huyện Kim Động, tỉnh Hưng Yên
Trung Tâm đăng kiểm xe cơ giới 9001S - Hà Nam; Xã Liêm Tiết, T.P Phủ Lý - Hà Nam
Trung Tâm đăng kiểm xe cơ giới 9002D - Hà Nam; Km 229, Tuyến tránh Quốc lộ 1A, xã Thi Sơn, huyện Kim Bảng, tỉnh Hà Nam
Công ty cổ phần đăng kiểm Quảng Nam - 9201D; Ngã ba Tây Cốc, Hà Lam, Thăng Bình, Quảng Nam
Trung Tâm đăng kiểm xe cơ giới 9202D - Quảng Nam; QL. 1A, khối Phong Nhị, P. Điện An, TX. Điện Bàn, tỉnh Quảng Nam
Trung Tâm đăng kiểm xe cơ giới 9301S - Bình Phước; P. Tân Xuân - TX Đồng Xoài - Tỉnh Bình Phước
Trung Tâm đăng kiểm xe cơ giới 9302D - Bình Phước; Tổ 1, Ấp 9, Minh Hưng, Chơn Thành, Bình Phước
Trung Tâm đăng kiểm xe cơ giới 9303D - Bình Phước; Đường ĐT 741, xã Tân Lập, huyện Đồng Phú, tỉnh Bình Phước
Trung Tâm đăng kiểm xe cơ giới 9304D - Bình Phước; Tổ 3, ấp Thuận Thành 2, xã Thuận Lợi, huyện Đồng Phú, tỉnh Bình Phước
Trung tâm đăng kiểm xe cơ giới 9401V - Bạc Liêu; QL 1 - Phường 7 - Xã Long Thạnh, Huyện Vĩnh Lợi- Bạc Liêu
Trung Tâm đăng kiểm xe cơ giới 9501S - Hậu Giang; Km 2085 - QL 1- Tân Phú Thạnh - Châu Thành A - Hậu Giang
Trung Tâm đăng kiểm xe cơ giới 9502D - Hậu Giang; QL 91C, Ấp Nhơn Thuận 1, xã Nhơn Nghĩa A, huyện Châu Thành A, tỉnh Hậu Giang
Trung Tâm đăng kiểm xe cơ giới 9503D - Hậu Giang; Ấp 7, xã Vị Trung, huyện Vị Thủy, tỉnh Hậu Giang
Công ty cổ phần đăng kiểm Bắc Kạn - 9701D; Tổ 9 - Phùng Chí Kiên - TX Bắc Kạn - Bắc Kạn
Trung Tâm đăng kiểm xe cơ giới 9801S - Bắc Giang; Đồi Chỉ Chèo - Xương Giang - Bắc Giang
Trung Tâm đăng kiểm xe cơ giới 9802D - Bắc Giang; Km2, đường Hoàng Hoa Thám, P. Đại Mai, TP. Bắc Giang, tỉnh Bắc Giang
Trung Tâm đăng kiểm xe cơ giới 9803D - Bắc Giang; Cụm công nghiệp Tân Dĩnh – Phi Mô, huyện Lạng Giang, tỉnh Bắc Giang
Trung Tâm đăng kiểm xe cơ giới 9804D - Bắc Giang; Thôn chớp, xã Lương Phong, huyện Hiệp Hòa, tỉnh Bắc Giang
Trung Tâm đăng kiểm xe cơ giới 9805D - Bắc Giang; Thôn Dõng, xã Hương Gián, huyện Yên Dũng, tỉnh Bắc Giang
Trung Tâm đăng kiểm xe cơ giới 9806D - Bắc Giang; Cụm công nghiệp Tân Dĩnh - Phi Mô, thị trấn Vôi, huyện Lạng Giang, tỉnh Bắc Giang
Trung Tâm đăng kiểm xe cơ giới 9901S - Bắc Ninh; Khu 7 - P.Thị Cầu - TP. Bắc Ninh - Tỉnh Bắc Ninh
Trung Tâm đăng kiểm xe cơ giới 9902S - Bắc Ninh; Thôn Dương Sơn – Xã Tam Sơn – TX Từ Sơn - Tỉnh Bắc Ninh
Trung Tâm đăng kiểm xe cơ giới 9903D - Bắc Ninh; Km 10, QL 18, TT Phố Mới, Quế Võ, Bắc Ninh
Trung Tâm đăng kiểm xe cơ giới 9904D - Bắc Ninh; Khu công nghiệp Lâm Bình, xã Lâm Thao, huyện Lương Tài, tỉnh Bắc Ninh.
Công ty cổ phần đầu tư xây dựng và tư vấn đăng kiểm – Trung tâm đăng kiểm xe cơ giới 9905D- Bắc Ninh; thôn Ngọc Trì, xã Ngọc Nội, huyện Thuận Thành, tỉnh Bắc Ninh.